CERT,NAME,CITY,STNAME,SIZE_TIER,ASSET,HISTORICAL_SCORE,CURRENT_REGIME_SCORE,STRESS_CLASS,DRIVER_1_RATIO,DRIVER_1_PCT,DRIVER_2_RATIO,DRIVER_2_PCT,DRIVER_3_RATIO,DRIVER_3_PCT,LEVERAGE_RATIO,TEXAS_RATIO,SECURITIES_RATIO,UNINSURED_DEP_RATIO,ROA,LTD_RATIO,CRE_RATIO,NIM_RATIO,CASH_RATIO,BORROW_RATIO,LEVERAGE_RATIO_PCT,TEXAS_RATIO_PCT,SECURITIES_RATIO_PCT,UNINSURED_DEP_RATIO_PCT,ROA_PCT,LTD_RATIO_PCT,CRE_RATIO_PCT,NIM_RATIO_PCT,CASH_RATIO_PCT,BORROW_RATIO_PCT
35477,Citizens First Bank,Clinton,Iowa,Community,359258,86.57527177219079,84.12031299196828,DEEPLY STRESSED,ROA,89.0,LEVERAGE_RATIO,95.7,CRE_RATIO,86.7,0.0818269878471738,0.2198001816530427,0.1784873266566089,0.2698268752209135,0.002992278529636,0.986497052701482,3.177570664629488,0.025135139648943,0.0215110032344443,0.1520021822756904,95.67484662576688,95.3680981595092,46.76479607482367,65.01994476833384,89.04907975460122,87.84903344584228,86.65644171779141,90.920245398773,86.261882858019,97.63876111622201
18361,Coulee Bank,La Crosse,Wisconsin,Community,543010,85.37603391023057,79.19625456040814,DEEPLY STRESSED,ROA,98.0,LEVERAGE_RATIO,90.5,CRE_RATIO,92.8,0.0868879026168947,0.2004481132075471,0.1780538111636986,0.1890486204479378,-0.0117732638441281,0.972340009882672,3.719287585918809,0.0315795289221193,0.0219204066223458,0.1077328225999521,90.4601226993865,94.47852760736197,46.64213431462741,37.98711261123044,97.97546012269939,85.79318809450753,92.76073619631902,66.62576687116565,85.61790861698866,93.62158846979453
30219,Hometown Bank,Kent,Ohio,Community,247421,85.35569518324097,78.58301065672434,DEEPLY STRESSED,ROA,92.7,LEVERAGE_RATIO,94.8,CRE_RATIO,97.7,0.0826607280707781,0.275632689806942,0.1397698659370061,0.1896046631028963,0.0012569668702333,0.9665720354766292,4.501805054151625,0.0322688858261829,0.0198891767473254,0.0978211227017916,94.84662576687116,97.14723926380368,36.76786261882858,38.171218165081314,92.66871165644172,85.1795029150046,97.69938650306749,62.91411042944786,88.40846366145354,92.02698558724319
35480,Crown Bank,Edina,Minnesota,Community,444394,85.04848378079335,81.57364834259812,DEEPLY STRESSED,ROA,90.2,LEVERAGE_RATIO,97.6,CRE_RATIO,95.9,0.0786126725383331,0.1525899043220059,0.1378708983469623,0.5336992738030472,0.0024460276241353,0.9287850614005884,4.079421081095002,0.0257249197783948,0.0665288010189156,0.0823593477859737,97.63803680981596,90.98159509202453,36.21588469794542,96.99294262043571,90.24539877300613,79.10401963792575,95.85889570552148,89.75460122699387,50.01533272002453,88.92977614228764
59143,New Valley Bank & Trust,Springfield,Massachusetts,Community,338993,84.26379034977649,78.98748675457166,DEEPLY STRESSED,ROA,94.4,LEVERAGE_RATIO,91.9,CRE_RATIO,97.6,0.0856920349387745,0.2541754474255339,0.1271294687500921,0.3519158817277875,-0.0001563454112621,0.9542102811221592,4.459385560675884,0.0315375243736596,0.0673583230332189,0.0991170909133817,91.87116564417178,96.65644171779141,33.42532965348053,83.95213255599877,94.4478527607362,83.24639459957042,97.57668711656441,66.99386503067485,49.34069303894511,92.3643054277829
14158,Union Bank,Morrisville,Vermont,Mid-Size,1616622,84.06956304589455,82.85217071554518,DEEPLY STRESSED,LEVERAGE_RATIO,98.5,ROA,78.1,CRE_RATIO,77.6,0.0746501037348248,0.1361551436716415,0.2029738553601274,0.3593094744033693,0.0073882453659544,0.9697609700138856,3.41512071839544,0.0269636315725011,0.0130896400024248,0.17720963836939,98.52774631936579,89.920724801812,70.5749718151071,63.923337091319056,78.14269535673839,76.55016910935738,77.57644394110986,80.52095130237825,95.37767756482526,97.40698985343855
22460,Monterey County Bank,Monterey,California,Community,282995,83.44715627973366,76.61239614483402,DEEPLY STRESSED,ROA,98.3,CRE_RATIO,96.1,LEVERAGE_RATIO,86.4,0.0899591865580664,0.1479472022026075,0.2790720684111026,0.2247162987903728,-0.0125585257690065,0.725512484771744,4.102443239846021,0.0278626830862736,0.0561034647255251,0.1359246629799113,86.38036809815951,90.5521472392638,70.99049371358478,49.953973611537286,98.31288343558282,38.447376495857625,96.13496932515338,82.05521472392638,56.88439129101502,96.41214351425943
58961,Lakeside Bank,Lake Charles,Louisiana,Community,385744,82.96928192072096,83.75400299267224,DEEPLY STRESSED,ROA,82.9,CRE_RATIO,93.3,LEVERAGE_RATIO,79.8,0.0933883611929155,0.0534278103907522,0.3404226637355344,0.4662257320800776,0.005016280227301,0.8216683879807074,3.769335912314636,0.0243010908789248,0.0164720643743,0.1555435729395661,79.78527607361963,67.20858895705521,80.8034345292855,94.01656949984658,82.88343558282209,57.25682724762196,93.28220858895706,92.33128834355828,92.21097822753757,97.76142287641828
5753,Fidelity Bank,Savanna,Illinois,Community,198618,82.58271857416578,76.15326081013365,DEEPLY STRESSED,ROA,92.9,LEVERAGE_RATIO,97.9,CRE_RATIO,88.2,0.078386651763687,0.097344369718917,0.1884169612019051,0.2359049546220116,0.0011882105347954,0.8724266621430042,3.3090219224283306,0.0337582696432347,0.0220322427977323,0.0849973315610871,97.85276073619632,82.48466257668711,49.678012879484825,53.54403191162933,92.88343558282209,67.53605400429579,88.15950920245399,54.29447852760736,85.52591229684145,89.573750383318
16111,Highland Bank,Saint Paul,Minnesota,Community,765504,82.46972820705766,75.1656334663502,DEEPLY STRESSED,ROA,94.2,LEVERAGE_RATIO,90.9,CRE_RATIO,92.9,0.0864711353565755,0.1021762753678522,0.2490228659811052,0.2936201037733138,0.0001345518769333,0.8292095715834731,3.752901373518985,0.0388867987626452,0.0200821942145305,0.047027840481565,90.920245398773,83.49693251533742,64.94940202391905,72.32279840441853,94.1717791411043,58.63761890150353,92.94478527607362,27.85276073619632,88.22447102115916,78.13554124501687
11729,CIBM Bank,Champaign,Illinois,Community,825048,82.43395748387037,81.63372346491089,DEEPLY STRESSED,ROA,88.8,CRE_RATIO,91.1,LEVERAGE_RATIO,72.8,0.0967216452860924,0.1113379042807524,0.1494688793864114,0.3657159569384121,0.0030810328611183,1.017273479675998,3.561437574518821,0.0275183989295168,0.0098200347131318,0.0527242051371556,72.79141104294479,85.2760736196319,39.31309414290095,85.94660938938324,88.83435582822085,91.22430193310832,91.07361963190183,83.40490797546012,98.25206991720331,80.22079116835327
34040,First American State Bank,Greenwood Village,Colorado,Community,288224,82.27843829122024,81.88345910763425,DEEPLY STRESSED,ROA,82.4,CRE_RATIO,91.4,LEVERAGE_RATIO,79.2,0.0936806095259242,0.0920775389801938,0.2534174808482292,0.2597633653836805,0.0051591817475296,0.9939771920784763,3.59825565549196,0.0272114744087931,0.0229890640612856,0.1904768513378483,79.1717791411043,81.1963190184049,66.17601962588164,61.828781834918686,82.42331288343559,88.61613992022093,91.41104294478528,84.50920245398773,84.4526218951242,99.049371358479
27409,Commercial Bank,Saint Louis,Missouri,Community,278066,81.89426879928193,76.1009394343246,DEEPLY STRESSED,ROA,87.1,LEVERAGE_RATIO,96.0,CRE_RATIO,90.3,0.0813907489588802,0.1058837062172887,0.252422086842692,0.2784154321979104,0.0036645976135162,0.7734960896477594,3.514432328415651,0.0319636345328087,0.0316723367833535,0.0601907460818654,95.95092024539878,84.01840490797547,65.86936522539098,67.56673826327095,87.05521472392638,47.40718011660018,90.30674846625767,64.3558282208589,75.43698252069917,83.04201165286722
30394,Carver Federal Savings Bank,New York,New York,Community,695941,81.7910671361018,74.03031159776872,DEEPLY STRESSED,ROA,97.7,LEVERAGE_RATIO,90.3,CRE_RATIO,95.9,0.0871280755121483,0.5826830974546628,0.0639077163150324,0.2338319176002298,-0.0094462030545692,0.9948346259592104,4.082782201826607,0.0325113766827935,0.0658834585115692,0.0720434634545169,90.2760736196319,99.50920245398774,16.712664826740266,52.99171525007671,97.66871165644172,88.76956121509666,95.88957055214723,61.59509202453988,50.56731064090769,86.32321373811715
90196,BayCoast Bank,Swansea,Massachusetts,Mid-Size,2848338,81.72913411863243,75.43569439532395,DEEPLY STRESSED,ROA,91.8,LEVERAGE_RATIO,96.3,CRE_RATIO,83.8,0.0812909142103219,0.1137082040425717,0.1209407029643251,0.3402095898765995,0.0041016901786234,0.9350805317167435,3.6455563114602016,0.029182281035467,0.013523324830129,0.0380291945689029,96.26274065685165,86.40996602491506,37.31679819616686,58.511837655016905,91.84597961494903,67.41826381059752,83.80520951302378,70.32842582106456,94.81397970687712,67.64374295377678
26536,BankGloucester,Gloucester,Massachusetts,Community,390316,81.70200465680998,77.63725733624764,DEEPLY STRESSED,ROA,87.2,LEVERAGE_RATIO,94.4,TEXAS_RATIO,96.1,0.0831864438045071,0.2393097215161272,0.0787695098330583,0.2927839248401039,0.0036432019184455,1.0836739042627288,2.9151022460610125,0.0334882505457116,0.0281233667080006,0.110167146619662,94.41717791411043,96.13496932515338,20.08586323213738,71.98527155569194,87.17791411042944,95.6428352255293,82.23926380368098,55.736196319018404,78.93284268629255,94.02023919043239
90251,Newburyport Five Cents Savings Bank,Newburyport,Massachusetts,Mid-Size,1586852,81.68213780482277,79.75030036222218,DEEPLY STRESSED,ROA,97.6,TEXAS_RATIO,94.8,CRE_RATIO,77.1,0.0957102489709185,0.1823522598579223,0.1175137946071845,0.4064642873206323,-0.0015099076662473,1.0122385099114857,3.373341958610539,0.0265765175328259,0.0112007925124712,0.0686232868597701,69.76217440543601,94.79048697621744,35.963923337091316,74.63359639233371,97.62174405436014,86.02029312288614,77.12344280860702,81.99320498301246,96.84329199549042,82.75084554678692
27664,"Sterling Federal Bank, F.S.B.",Sterling,Illinois,Community,513696,81.66767359979613,72.99259845229564,DEEPLY STRESSED,ROA,91.4,LEVERAGE_RATIO,90.5,CRE_RATIO,95.8,0.0868646047467763,0.4551773179795385,0.1896355042671151,0.0806052874893078,0.0018941163645424,0.8846754775007293,4.076070795739221,0.0328034479536535,0.0355949822463091,0.1277350806702797,90.52147239263803,99.079754601227,49.954001839926406,5.983430500153421,91.44171779141105,69.92942620435717,95.8282208588957,59.938650306748464,71.45047531432076,95.79883471327814
3722,Prospect Bank,Paris,Illinois,Community,675953,81.23379091277288,78.16761691910287,DEEPLY STRESSED,ROA,91.6,LEVERAGE_RATIO,86.0,TEXAS_RATIO,84.9,0.0901231298625792,0.1090858429888313,0.2704611119412148,0.2545216343828859,0.0018122561775744,0.7888737459443775,2.3364121001735683,0.0241481286420801,0.0101072115960725,0.0480802659356493,85.98159509202455,84.9079754601227,68.99724011039558,59.61951518870819,91.56441717791411,50.383553237189325,70.920245398773,92.60736196319019,98.09874271695799,78.59552284575284
16249,Devon Bank,Chicago,Illinois,Community,456680,81.1232164463968,77.06605114935505,DEEPLY STRESSED,ROA,96.4,LEVERAGE_RATIO,99.7,CRE_RATIO,91.6,0.0626718927914513,0.0174650188949034,0.4327778750985372,0.2958134428901715,-0.0030480861872646,0.6689110294239949,3.602990569693838,0.0261846369449067,0.053926162739774,0.2784772707366208,99.69325153374233,42.69938650306748,91.19901870591843,72.87511506597116,96.41104294478528,29.733046946916232,91.59509202453988,88.31288343558282,58.29500153327201,99.84667279975467
17863,Sterling State Bank,Austin,Minnesota,Community,481944,81.09031977941099,79.03198256196517,DEEPLY STRESSED,LEVERAGE_RATIO,96.0,ROA,76.0,CRE_RATIO,99.0,0.0813289510814534,0.0419030244291781,0.2964307056421493,0.4730857465837683,0.0065671530302275,0.866805754119981,4.9974595035543645,0.0285925335723652,0.0262644622611755,0.0186743688063343,96.0122699386503,61.104294478527606,74.3636921189819,94.2927278306229,75.98159509202455,66.4007364222154,98.95705521472392,79.50920245398773,80.8954308494327,62.80282122048452
33761,Village Bank,Saint Francis,Minnesota,Community,418381,80.98311667324928,76.56086842634862,DEEPLY STRESSED,ROA,75.6,LEVERAGE_RATIO,89.3,CRE_RATIO,94.9,0.0880441511445309,0.1622498967125066,0.2508216195286115,0.2648388802893149,0.0066494415377371,0.8112918098518812,3.9433818092186343,0.0326018628953035,0.0223576118418379,0.0621443134367956,89.29447852760735,91.87116564417178,65.44004906470407,63.70052163240258,75.5521472392638,54.89413930653575,94.87730061349693,61.13496932515338,85.15792701625269,83.68598589389758
58407,UniBank,Lynnwood,Washington,Community,408899,80.91510986409654,71.81134724404914,DEEPLY STRESSED,ROA,96.8,LEVERAGE_RATIO,99.3,CRE_RATIO,99.4,0.0715433395532882,0.1703782845314012,0.1316486467318335,0.1712775997704148,-0.0050452556743841,0.8467134712619193,5.2934582357533175,0.0254586095832956,0.1460018244114072,0.0978236679473415,99.2638036809816,92.63803680981594,34.65194725544312,32.31052470082847,96.80981595092024,62.5038355323719,99.38650306748467,90.30674846625767,18.18460594909537,92.05765102729224
8197,Portage Bank,Bellevue,Washington,Community,96771,80.80316010830643,75.6721637367426,DEEPLY STRESSED,ROA,90.2,LEVERAGE_RATIO,92.1,CRE_RATIO,88.3,0.0855731572475225,0.1651229273870783,0.0706409978195947,0.5272966867469879,0.0024697481683562,1.096022482788296,3.3183035714285714,0.0406630085459486,0.0438871149414597,0.1374378687830031,92.11656441717791,92.23926380368098,18.092609628948175,96.74746854863456,90.21472392638037,96.16446762810679,88.34355828220859,20.52147239263804,65.68537258509659,96.59613615455382
609,Tompkins Community Bank,Ithaca,New York,Mid-Size,8678169,80.56350695185847,77.84606132879483,DEEPLY STRESSED,ROA,92.8,LEVERAGE_RATIO,91.5,CRE_RATIO,72.3,0.0859764312034024,0.0615006102948311,0.1953633306749384,0.4226846523230538,0.0037242879229478,0.9096957669899538,3.1738526766531465,0.0287766924105764,0.0153297314214553,0.0650420612919614,91.50622876557192,69.30917327293318,67.86922209695602,79.0304396843292,92.7519818799547,60.31567080045096,72.25368063420159,72.81993204983013,91.43179255918827,81.17249154453214
2359,Mauch Chunk Trust Company,Jim Thorpe,Pennsylvania,Community,648917,80.37941134627573,75.76079764126723,DEEPLY STRESSED,ROA,91.3,LEVERAGE_RATIO,94.0,TEXAS_RATIO,98.3,0.083889002753819,0.3648886753163543,0.4272919340994303,0.2448741039180244,0.0019447787621529,0.4639303764110158,1.478265314816393,0.0234005273401683,0.0070394210661764,0.0377552136868043,93.95705521472392,98.28220858895705,90.7083716651334,56.643142068119054,91.31901840490796,9.420067505369744,49.877300613496935,94.04907975460122,99.26402943882245,74.08770315854034
26960,First Bank of the Lake,Osage Beach,Missouri,Mid-Size,2266431,80.35796272197983,70.37926715448133,DEEPLY STRESSED,ROA,91.5,LEVERAGE_RATIO,99.2,CRE_RATIO,99.9,0.0689109882453955,0.3723368318054212,0.0033387294826094,0.068863457188881,0.0041907298302926,1.0769336478543037,6.299848226143047,0.0280683594603144,0.0443172547498688,0.0641978511589366,99.20724801812004,99.20724801812004,1.8038331454340473,2.480270574971815,91.50622876557192,93.57384441939121,99.88674971687429,76.21744054360136,58.962795941375425,80.94701240135288
90181,Clinton Savings Bank,Clinton,Massachusetts,Community,743035,80.02363284178128,79.16198747317956,DEEPLY STRESSED,ROA,97.5,TEXAS_RATIO,90.9,LEVERAGE_RATIO,70.6,0.0979092505736607,0.1511299648254102,0.2149966017751519,0.2315011422724915,-0.0070938784848627,0.9270189491093078,1.9223998789468375,0.0254537134859057,0.0127167630057803,0.1405613463699556,70.61349693251535,90.85889570552148,56.79239497086783,52.009818962872046,97.45398773006136,78.73580853022399,61.65644171779141,90.33742331288343,96.19748543391597,96.96412143514259
210,Tri-County Bank & Trust Company,Roachdale,Indiana,Community,295690,79.73447178968445,78.12318833655009,DEEPLY STRESSED,ROA,89.2,CRE_RATIO,93.1,LEVERAGE_RATIO,75.4,0.0955121918225168,0.0573826264459061,0.1763975785450979,0.3151024399946956,0.002945652541513,0.8468207134332316,3.760250690461016,0.0252933815820622,0.0229192735635293,0.101457607629612,75.42944785276073,69.20245398773007,46.274149034038636,77.26296409941699,89.20245398773005,62.534519791347044,93.09815950920245,90.6441717791411,84.63661453541859,92.94694878871512
3787,Dieterich Bank,Effingham,Illinois,Mid-Size,1568158,79.71136297157088,73.62012765234846,DEEPLY STRESSED,ROA,80.6,LEVERAGE_RATIO,95.9,TEXAS_RATIO,93.9,0.0814745708021768,0.175366991356839,0.232613040267626,0.3222014113551658,0.006765262173837,0.8016096259719621,3.5039235874389547,0.0277491171170252,0.0304191286847371,0.0451548887293244,95.92298980747452,93.88448471121178,79.8196166854566,53.43855693348365,80.63420158550396,31.116121758737318,80.40770101925256,76.7836919592299,72.6042841037204,71.58962795941376
4041,The First Security Bank,Beaver,Oklahoma,Community,285123,79.70782154351507,74.98474696109805,DEEPLY STRESSED,LEVERAGE_RATIO,99.5,ROA,72.9,CRE_RATIO,94.1,0.0662696450303903,0.1305964447613711,0.0640425360283105,0.50505809537661,0.0070355600916095,0.998662755934778,3.852765281820587,0.0390743643971198,0.0168664050251996,0.0375592288240513,99.5398773006135,88.46625766871166,16.77399570683839,96.19515188708193,72.88343558282209,89.1991408407487,94.11042944785277,26.809815950920246,91.87365838699786,73.99570683839313
28989,WCF Financial Bank,Webster City,Iowa,Community,227490,79.35450325360802,78.16047611512381,DEEPLY STRESSED,ROA,97.8,LEVERAGE_RATIO,96.6,TEXAS_RATIO,99.2,0.0804694711855466,0.4754780999383097,0.1119477779243043,0.2404124740897293,-0.009947690008352,1.0118214702518158,0.8710440698018338,0.0211701613257725,0.021469075563761,0.1560288364323706,96.62576687116564,99.20245398773007,29.837473167739958,54.89413930653575,97.76073619631902,90.67198527155568,32.02453987730061,96.38036809815951,86.41521005826434,97.79208831646734
58359,United Republic Bank,Elkhorn,Nebraska,Community,197172,79.35385306827908,74.07317736116191,DEEPLY STRESSED,ROA,98.6,CRE_RATIO,99.1,TEXAS_RATIO,99.2,0.107667417280344,0.4787788848844604,0.094278092224048,0.0932581464863377,-0.014423954719737,0.955003104337752,5.041923783503698,0.0239080599679467,0.0143985961495547,0.0735398535288986,53.40490797546013,99.23312883435584,24.685679239497087,7.885854556612458,98.55828220858895,83.52255293034673,99.11042944785277,93.19018404907975,94.29622815087396,86.84452621895124
57624,Clarion County Community Bank,Clarion,Pennsylvania,Community,266271,79.31849188269602,72.31987367285565,DEEPLY STRESSED,ROA,88.5,LEVERAGE_RATIO,98.2,CRE_RATIO,92.3,0.077608902208652,0.0721023528136181,0.0874034348464534,0.1663860948613273,0.0032748590721483,0.9409073692184672,3.669677128019869,0.0298568000270401,0.0195177094013242,0.031922364808785,98.15950920245399,74.7239263803681,22.69242563630788,30.131942313593125,88.46625766871166,81.03712795335993,92.33128834355828,75.06134969325153,88.99110702238578,71.60380251456608
14722,Union Bank,Grand Rapids,Michigan,Community,390571,79.24356139837772,73.88833545159687,DEEPLY STRESSED,LEVERAGE_RATIO,94.5,ROA,78.3,CRE_RATIO,99.0,0.0831730978490466,0.1003291869373962,0.092052405324512,0.2686886976570796,0.0061038838008966,0.9584796549055972,5.001827647319451,0.0352739962772453,0.0287553351375294,0.0742502643565446,94.47852760736197,83.12883435582822,24.011039558417664,64.86652347345812,78.31288343558282,84.22829088677508,98.9877300613497,45.52147239263803,78.38086476540938,86.9671879791475
11446,Unity Bank of Mississippi,Holly Springs,Mississippi,Community,286717,79.21785341688486,76.781142003808,DEEPLY STRESSED,ROA,92.0,CRE_RATIO,85.2,TEXAS_RATIO,95.5,0.1065196692208693,0.2256427442907071,0.3666925923471577,0.3484822037798124,0.0015973939459467,0.6160602358019011,3.0798271176451326,0.0244631465870527,0.0266953127997293,0.0418531164876864,55.398773006134974,95.49079754601227,84.60594909536951,83.369131635471,91.99386503067485,23.043878490334457,85.21472392638036,92.11656441717791,80.31278748850046,76.26494940202392
3931,"Alerus Financial, National Association",Grand Forks,North Dakota,Mid-Size,5211720,79.11622664776448,73.05921317227195,DEEPLY STRESSED,ROA,91.3,LEVERAGE_RATIO,91.3,TEXAS_RATIO,89.2,0.0860892373343157,0.1337104349519788,0.1475317169763532,0.3258543479383394,0.0042590545923418,0.959619844964311,3.149039312689347,0.0335969699062881,0.0128924807932889,0.0479688087617907,91.2797281993205,89.24122310305775,49.49267192784668,54.227733934611045,91.2797281993205,74.29537767756483,71.23442808607021,40.770101925254814,95.49041713641489,73.28072153325817
58590,Nano Banc,Irvine,California,Community,874723,78.98108120899481,69.19736576344141,LEGACY RISK,ROA,99.8,LEVERAGE_RATIO,99.8,CRE_RATIO,89.8,0.0587900398183196,2.032846433263776,0.0737684958552593,0.597210431060604,-0.0750969163952474,0.7389778041050531,3.4534913375384666,0.0330058772891532,0.2896802759273507,0.0571609526673015,99.8159509202454,99.96932515337423,18.82858019012573,98.34305001534213,99.8159509202454,40.65664314206812,89.84662576687117,58.65030674846625,3.9558417663293466,82.09138301134621
2455,The Bank of Brodhead,Brodhead,Wisconsin,Community,409234,78.67513574556078,78.50892189352916,DEEPLY STRESSED,ROA,79.9,LEVERAGE_RATIO,87.1,TEXAS_RATIO,84.2,0.0894476021053969,0.1066370972051515,0.2287908629292776,0.2821262713257089,0.0057473230474496,0.876120683883455,2.009342985930884,0.0265471588382197,0.0152406691526119,0.100187178973399,87.11656441717791,84.23312883435582,60.19625881631402,68.88616139920221,79.93865030674847,68.11905492482356,63.77300613496932,86.87116564417178,93.37626494940203,92.57896350812635
6528,The First National Bank of Bellevue,Bellevue,Ohio,Community,309256,78.51873529930312,70.93190290404875,DEEPLY STRESSED,ROA,98.9,LEVERAGE_RATIO,77.5,CRE_RATIO,81.3,0.0943878210932043,0.1003114456267843,0.301326409188504,0.2949725849220664,-0.0186932508989316,0.6251571965477841,2.8599520383693045,0.0335126885169568,0.0197603280130377,0.0040419587655534,77.45398773006134,83.09815950920245,75.28365532045385,72.66032525314515,98.8957055214724,23.872353482663396,81.31901840490798,55.52147239263804,88.59245630174793,52.62189512419503
58596,Carter Bank & Trust,Martinsville,Virginia,Mid-Size,4831021,78.49150617296861,71.30249316604127,DEEPLY STRESSED,ROA,80.1,CRE_RATIO,96.5,LEVERAGE_RATIO,81.9,0.0905957560523955,0.5227606586864815,0.1452908194768766,0.1868637877192957,0.0070854587467121,0.9211024363793654,4.742578287165545,0.02707916194113,0.0217682763126055,0.039210551972347,81.87995469988675,99.88674971687429,48.365276211950395,14.092446448703495,80.06795016987542,62.45772266065389,96.48924122310306,79.95469988674971,81.73618940248028,68.0947012401353
59273,Gainey Business Bank,Scottsdale,Arizona,Community,103885,78.47841433344003,70.66068527421004,DEEPLY STRESSED,ROA,98.2,LEVERAGE_RATIO,97.6,CRE_RATIO,98.1,0.0786735332338643,0.0283804514573745,0.0,0.3532452674286804,-0.0123501949270828,0.9286644985646034,4.584998362266623,0.0305241372671704,0.0063531789960051,0.0,97.60736196319019,52.54601226993864,1.2879484820607177,84.22829088677508,98.15950920245399,79.04265111997545,98.06748466257669,72.02453987730061,99.44802207911684,24.195032198712052
32779,Bank of Marin,Novato,California,Mid-Size,3904329,78.46849840518735,67.7709867329911,LEGACY RISK,ROA,99.2,LEVERAGE_RATIO,94.8,CRE_RATIO,89.0,0.0836151359170807,0.0749290455194926,0.3400871186828774,0.3833924621675433,-0.008644251035197,0.6145733088878128,3.9096970409168232,0.0287053165857692,0.0577059463994965,0.0001815933032282,94.79048697621744,75.76443941109852,92.78466741826381,68.9966178128523,99.20724801812004,7.215332581736189,89.01472253680635,73.38618346545867,47.80157835400225,28.74859075535513
28359,"OceanFirst Bank, National Association",Toms River,New Jersey,Large Regional,14471649,78.45347812177604,79.1029172847355,DEEPLY STRESSED,ROA,87.2,CRE_RATIO,98.3,LEVERAGE_RATIO,87.2,0.0825098784526905,0.0295452873652219,0.1460368476322221,0.5851755048515377,0.005736872142214,1.001657329471665,4.06759999095475,0.0256243086050525,0.0087447532758706,0.1018825152544813,87.17948717948718,24.786324786324787,38.84297520661157,94.21487603305785,87.17948717948718,89.25619834710744,98.29059829059828,81.19658119658119,98.34710743801654,91.73553719008265
35223,First Secure Community Bank,Sugar Grove,Illinois,Community,525843,78.42299010852108,71.8788576813387,DEEPLY STRESSED,ROA,90.3,LEVERAGE_RATIO,87.8,CRE_RATIO,93.5,0.0889999486538757,0.1552503198976327,0.1408481238696721,0.2028844492108247,0.0024379900464587,0.8947521679533526,3.783656239421756,0.0292482737242865,0.0965288118316683,0.1007905401422097,87.76073619631902,91.28834355828221,37.19717877951549,42.95796256520405,90.2760736196319,71.89321877876648,93.52760736196319,76.99386503067484,34.16130021465808,92.73229070837166
58114,Bank of Belleville,Belleville,Illinois,Community,547518,78.36441043277762,72.1187321256895,DEEPLY STRESSED,LEVERAGE_RATIO,97.5,ROA,77.7,CRE_RATIO,90.6,0.0793179402321019,0.1499340606641889,0.2025686826734463,0.1005499568683477,0.0062116679268992,0.8514731553577211,3.537451279444162,0.0258530313158654,0.0610372627018655,0.1190554465789252,97.45398773006136,90.76687116564418,53.51119288561791,9.604173059220619,77.69938650306749,63.424363301626265,90.61349693251533,89.2638036809816,53.75651640601043,95.09352959214965
15945,Forest Park National Bank and Trust Company,Forest Park,Illinois,Community,318796,78.34693868724614,73.25615713164129,DEEPLY STRESSED,LEVERAGE_RATIO,92.9,CRE_RATIO,96.5,ROA,65.2,0.0848410895996185,0.2265622218265978,0.1549831240040653,0.3110284873802935,0.0083219362852733,0.914726611607922,4.182697403285639,0.0390249563984491,0.0144888894465426,0.0252983098909647,92.91411042944785,95.58282208588957,40.6623735050598,76.40380484811293,65.21472392638037,76.61859466093894,96.47239263803681,27.05521472392638,94.1735663906777,67.46396810794235
14028,First Guaranty Bank,Hammond,Louisiana,Mid-Size,4075579,77.97101424660354,65.78414010860284,LEGACY RISK,ROA,99.3,LEVERAGE_RATIO,99.7,TEXAS_RATIO,98.5,0.0664435654418672,0.316101259954635,0.2452949629978955,0.2403648438406548,-0.0128178106718088,0.5691375833371372,3.679191671441448,0.0223612399612423,0.2074306497309953,0.0331241278846514,99.66024915062289,98.52774631936579,81.96166854565952,27.73393461104848,99.32049830124575,4.735062006764374,84.37146092865233,94.45073612684031,4.6223224351747465,62.45772266065389
58741,Fieldpoint Private Bank & Trust,Greenwich,Connecticut,Community,944013,77.96982585497334,68.06874838752184,LEGACY RISK,ROA,98.9,LEVERAGE_RATIO,99.6,TEXAS_RATIO,96.8,0.0661643430757839,0.2615910433935445,0.1171392766836897,0.1349544991126383,-0.0207317060252348,0.8015988345536333,2.9390926129941484,0.0163800710371573,0.1484174476410812,0.0582619095287882,99.60122699386503,96.84049079754601,31.21741796994787,19.576557226142988,98.92638036809815,52.838293955200974,83.03680981595092,98.65030674846625,17.47930082796688,82.52069917203312
26455,Savers Co-operative Bank,Southbridge,Massachusetts,Community,791698,77.9309501235565,77.88651505733421,DEEPLY STRESSED,ROA,89.3,CRE_RATIO,89.0,TEXAS_RATIO,93.4,0.1125530189541971,0.1794252595991306,0.1588042410110926,0.1950867260466625,0.0028899908803609,1.1120352673902851,3.380841226376981,0.026511371760444,0.0125237148508648,0.1890695694570404,45.79754601226994,93.43558282208589,41.52100582643361,40.47253758821724,89.32515337423312,96.83952132555999,88.9877300613497,87.08588957055214,96.38147807421036,99.01870591842993
58307,The First Bank of Greenwich,Cos Cob,Connecticut,Community,804049,77.88049286647531,75.87854955230794,DEEPLY STRESSED,ROA,79.9,LEVERAGE_RATIO,87.7,CRE_RATIO,94.0,0.0890629799925128,0.0894637161084529,0.0118127129068004,0.4203156306650129,0.005765817754888,1.0721007060395,3.843742183982792,0.0272160030047919,0.0596493497286856,0.068403791311226,87.73006134969326,80.39877300613497,5.642440969027906,91.37772322798405,79.9079754601227,95.09051856397667,94.04907975460122,84.47852760736197,54.431156087089846,85.67923949708678
1014,ChoiceOne Bank,Sparta,Michigan,Mid-Size,4407418,77.83478915705577,72.36257710148223,DEEPLY STRESSED,ROA,79.3,LEVERAGE_RATIO,89.9,CRE_RATIO,87.3,0.0868794382561399,0.0794869796774947,0.2146494841197272,0.3316186131391927,0.0071794869467792,0.8409035578847842,3.8079320248922928,0.0317278733262876,0.0199606663130204,0.0600778051911572,89.920724801812,78.2559456398641,74.97181510710259,55.80608793686584,79.27519818799547,40.022547914317926,87.31596828992072,54.24688561721405,84.10372040586246,79.70687711386697
17736,The Hometown Savings Bank,Terre Haute,Indiana,Community,457801,77.7830684544776,75.36802708227268,DEEPLY STRESSED,ROA,94.1,LEVERAGE_RATIO,93.0,TEXAS_RATIO,70.0,0.0846896358898298,0.0586192067220219,0.2610872409627764,0.3327467682031133,0.0002380947180106,0.7406851181852888,1.8008725755204629,0.0246657390438203,0.0358605595007437,0.0677150115443172,93.00613496932515,69.96932515337423,67.46396810794235,81.00644369438477,94.079754601227,40.93280147284443,58.55828220858895,91.87116564417178,71.29714811407544,85.49524685679239
23286,Fall River Five Cents Savings Bank,Fall River,Massachusetts,Mid-Size,1889460,77.75015726026948,75.40885650410296,DEEPLY STRESSED,ROA,94.0,LEVERAGE_RATIO,92.9,CRE_RATIO,63.4,0.0850518137457262,0.066702452254492,0.1412631122119547,0.2611001785889856,0.0030188519471171,1.0676018742305045,2.9365456317137637,0.0210001799455929,0.0408603516348586,0.2001264911667884,92.8652321630804,72.3669309173273,47.12514092446449,34.38556933483653,93.99773499433749,93.01014656144307,63.42015855039638,96.48924122310306,62.344983089064264,98.08342728297632
58952,New Haven Bank,New Haven,Connecticut,Community,200933,77.48048826275046,74.04664851791374,DEEPLY STRESSED,ROA,94.4,LEVERAGE_RATIO,96.4,CRE_RATIO,91.7,0.0810419393529186,0.0296346186226637,0.0444824891879382,0.2966411835953271,-0.0001343731492587,1.0985504603883671,3.611459019995605,0.0265809996366948,0.0827489760268348,0.1343731492587081,96.38036809815951,53.25153374233129,11.775528978840846,73.02853636084689,94.41717791411043,96.28720466400736,91.74846625766871,86.77914110429448,40.509046304814476,96.28948175406316
58158,"SmartBiz Bank, National Association",Northbrook,Illinois,Community,191932,77.42318743038531,68.64919875013446,LEGACY RISK,ROA,99.6,LEVERAGE_RATIO,97.6,CRE_RATIO,91.2,0.0788039513994539,0.066142763588736,0.0210543317424921,0.1428907656098574,-0.0527113769460017,0.9522359130555172,3.577259303012404,0.028734135006148,0.0639705729112393,0.0573119646541483,97.57668711656441,72.73006134969326,7.2983747316773995,22.154034980055233,99.6319018404908,82.97023626879411,91.16564417177914,79.01840490797547,51.76326280282122,82.18337933149341
13109,Jackson County Bank,Seymour,Indiana,Mid-Size,1065907,77.31332067166514,76.28121564666935,DEEPLY STRESSED,LEVERAGE_RATIO,93.1,ROA,73.5,CRE_RATIO,87.5,0.0848479276334614,0.0587250891431321,0.1040193938120305,0.4961037635531587,0.0082202293445863,1.0425274860908038,3.8348663640948057,0.0312916605294833,0.022040384386255,0.1060130011342452,93.09173272933182,67.15741789354473,30.214205186020294,90.19165727170237,73.49943374858438,90.98083427282975,87.54246885617214,57.304643261608156,80.94701240135288,91.8827508455468
9769,The First State Bank of Rosemount,Rosemount,Minnesota,Community,151579,77.26028205059144,65.60401790872045,LEGACY RISK,ROA,93.1,LEVERAGE_RATIO,99.7,TEXAS_RATIO,99.4,0.0613871314628015,0.5217672135383026,0.1820964645498387,0.0806246746486205,0.0010159718694542,0.7519416970327955,2.399731980472863,0.0272531155371126,0.0216388813753884,0.0,99.7239263803681,99.38650306748467,47.89941735663907,6.014114759128567,93.09815950920245,43.111383860079776,72.17791411042946,84.38650306748467,86.04722477767555,24.195032198712052
2286,Buckeye State Bank,Powell,Ohio,Community,554778,77.15104174845973,73.61003466603779,DEEPLY STRESSED,ROA,83.9,LEVERAGE_RATIO,98.3,CRE_RATIO,89.1,0.0771822242410477,0.0148021494870542,0.2163405902901701,0.3320213002555527,0.0047027820137063,0.7036721539862446,3.395296630486901,0.0280220196186582,0.0100202243059385,0.0354231782803211,98.31288343558282,39.29447852760736,57.28304201165286,80.8837066584842,83.86503067484664,34.76526541884014,89.079754601227,81.38036809815951,98.12940815700705,73.10640907697025
58259,First National Bank of Michigan,Kalamazoo,Michigan,Community,986006,77.10445328584078,75.94240518847677,DEEPLY STRESSED,CRE_RATIO,99.1,ROA,69.9,LEVERAGE_RATIO,80.8,0.0928503477666464,0.0676866721309816,0.1243095883797867,0.2059958848216216,0.0075831181554676,1.0526970734063394,5.087885404325732,0.0277675795076297,0.0204562649720184,0.1191676318399685,80.79754601226993,73.40490797546012,32.873351732597364,44.062595888309296,69.87730061349693,94.04725375882173,99.14110429447854,82.39263803680981,87.672493100276,95.15486047224778
33802,Tioga-Franklin Savings Bank,Philadelphia,Pennsylvania,Community,71404,77.07749469047735,62.3894025251144,LEGACY RISK,ROA,97.7,LEVERAGE_RATIO,99.9,CRE_RATIO,99.9,0.0360624054674808,0.984715242881072,0.0484426642765111,0.0619306746179649,-0.0098874012660355,0.8601416325009318,6.059654631083203,0.0274354377905999,0.0881603271525404,0.0,99.93865030674847,99.84662576687117,12.480834099969334,3.4059527462411783,97.69938650306749,65.23473458115987,99.9079754601227,83.74233128834356,37.44250229990801,24.195032198712052
8531,Bank of Coushatta,Coushatta,Louisiana,Community,318093,76.94238315185997,73.41409658339416,DEEPLY STRESSED,ROA,85.8,LEVERAGE_RATIO,79.4,TEXAS_RATIO,80.5,0.0935921255733386,0.089909670191163,0.4357373472537905,0.5120067211536893,0.0040742801633484,0.5677294898774857,2.1505656819610306,0.0238012153678326,0.0083937716328243,0.0,79.3558282208589,80.52147239263803,91.35234590616376,96.47131021785825,85.76687116564418,17.55139613378337,66.47239263803681,93.52760736196319,98.92670959828274,24.195032198712052
28478,Farmers and Mechanics Federal Savings Bank,Bloomfield,Indiana,Community,116833,76.92540569831833,68.65013035769077,LEGACY RISK,ROA,96.2,LEVERAGE_RATIO,99.4,TEXAS_RATIO,91.3,0.0683967714601182,0.1549846886696155,0.3125058844675734,0.2265718862635162,-0.0026362414728715,0.6240215531364911,1.8654676258992808,0.0269615605180043,0.0715979218200337,0.0085592255612712,99.4478527607362,91.25766871165644,77.27690892364305,50.322184719239026,96.1963190184049,23.74961644676281,60.33742331288343,85.3680981595092,46.519472554431154,56.02575896964122
29496,"Seneca Savings Bank, National Association",Baldwinsville,New York,Community,312206,76.85152730644667,77.16359751283464,DEEPLY STRESSED,ROA,91.8,LEVERAGE_RATIO,71.2,CRE_RATIO,68.3,0.0976502693734265,0.0614173781666139,0.1581135532308796,0.3386923202347954,0.001716815179721,0.930005706831893,2.239577524846656,0.0284107288136679,0.0170656553685707,0.1184698564409396,71.22699386503068,71.07361963190183,41.39834406623735,81.95765572261429,91.77914110429448,79.31880945075176,68.31288343558283,79.96932515337424,91.62833486660533,94.97086783195338
25744,Small Business Bank,Lenexa,Kansas,Community,73025,76.69787693194127,62.850600732187736,LEGACY RISK,ROA,99.8,LEVERAGE_RATIO,99.8,CRE_RATIO,95.5,0.0589113317357069,0.5083022704168079,0.0,0.0852831518069459,-0.0755220814789455,0.930716613334116,4.025280898876405,0.0253064019171516,0.1027456350564875,0.0,99.78527607361963,99.3558282208589,1.2879484820607177,7.026695305308377,99.84662576687117,79.4722307456275,95.49079754601227,90.61349693251533,31.432076050291325,24.195032198712052
58377,Central Bank,Tampa,Florida,Community,368568,76.55681346046958,75.12530266050197,DEEPLY STRESSED,CRE_RATIO,99.3,LEVERAGE_RATIO,90.6,ROA,74.2,0.086830652688242,0.0335335627223421,0.0752696924312474,0.3386358126575384,0.0068345597013305,1.0436242390831472,5.193352860995911,0.0316820776627379,0.0266762171431052,0.0908923183781554,90.58282208588957,55.644171779141104,19.16590003066544,81.92697146363915,74.23312883435584,93.28014728444309,99.29447852760737,65.95092024539878,80.34345292854952,90.83103342532965
58054,First Commerce Bank,Lakewood,New Jersey,Mid-Size,1794322,76.17375784516663,73.59793723610579,DEEPLY STRESSED,ROA,89.1,CRE_RATIO,99.5,LEVERAGE_RATIO,65.9,0.0970751069206084,0.0918352848309433,0.0915922560164786,0.3423501601330737,0.0047494262456794,1.0549389917899732,5.802521536158766,0.0232845609650887,0.0760276026265073,0.1510943966579019,65.91166477916195,81.87995469988675,25.70462232243517,59.301014656144304,89.12797281993205,91.8827508455468,99.54699886749717,91.95922989807474,34.72378804960542,95.94137542277339
58049,"Eclipse Bank, Inc.",Louisville,Kentucky,Community,481999,76.14690382726782,74.54954122988208,DEEPLY STRESSED,ROA,90.0,CRE_RATIO,91.4,LEVERAGE_RATIO,76.9,0.0946620221203778,0.0240279313859432,0.0645416276797254,0.1675974740745032,0.0026244867727941,1.20260123978912,3.5969272579832117,0.0231826207108313,0.0094834221647762,0.1914049614210818,76.87116564417178,49.141104294478524,16.89665746703465,30.684258975145752,89.96932515337423,98.71126112304388,91.38036809815951,94.38650306748467,98.3440662373505,99.11070223857712
58039,First Resource Bank,Lino Lakes,Minnesota,Community,826710,76.1066050913035,72.34382939799083,DEEPLY STRESSED,LEVERAGE_RATIO,99.1,ROA,79.6,CRE_RATIO,90.8,0.0728453750408244,0.0554435916127095,0.0713599690338812,0.2931671424317041,0.0058109857144585,0.994732445722836,3.5475106433301797,0.0304314693181405,0.074533996201812,0.0828585598335571,99.079754601227,68.28220858895706,18.215271389144434,72.23074562749309,79.60122699386503,88.73887695612152,90.8282208588957,72.54601226993866,44.86353879178166,89.0524379024839
17797,Rollstone Bank & Trust,Fitchburg,Massachusetts,Community,847543,75.9985954983868,76.15946383412182,DEEPLY STRESSED,ROA,97.2,CRE_RATIO,97.1,LEVERAGE_RATIO,65.1,0.1010969354947182,0.0046303111408497,0.2064402632078844,0.2860618375768742,-0.0062934859942209,0.8774866148802591,4.324057194315711,0.0161277952859029,0.0163909087798495,0.1026461194299286,65.12269938650307,25.0,54.55381784728611,69.96011046333231,97.20858895705521,68.51795029150047,97.05521472392637,98.77300613496932,92.30297454768476,93.10027598896045
22020,INSOUTH Bank,Brownsville,Tennessee,Community,572671,75.96693269000691,70.51640473639652,DEEPLY STRESSED,LEVERAGE_RATIO,92.1,CRE_RATIO,94.2,ROA,63.9,0.085536023301337,0.1812471150179621,0.119691760190406,0.2556632813485729,0.0085598886620764,0.896381628357363,3.862921889174829,0.038063739913493,0.0186756444799893,0.0410864178559766,92.14723926380368,93.58895705521473,31.616068690585706,60.14114759128567,63.86503067484662,72.13869285056765,94.20245398773007,31.595092024539877,89.91107022385772,75.95829500153327
58218,First Pacific Bank,Whittier,California,Community,489137,75.8457504662779,73.64809143701936,DEEPLY STRESSED,ROA,85.4,LEVERAGE_RATIO,85.8,CRE_RATIO,84.9,0.0901853672897368,0.0258103370399845,0.1999051390510225,0.5088215093680072,0.0041930992748452,0.7874221794433107,3.0611882569272715,0.032005348194882,0.0263607128473208,0.0674657611262284,85.79754601226995,50.644171779141104,52.71389144434223,96.34857318195765,85.39877300613496,50.322184719239026,84.93865030674847,64.14110429447852,80.77276908923643,85.4032505366452
59289,Walden Mutual Bank,Concord,New Hampshire,Community,172890,75.8372962646136,68.35488893044717,LEGACY RISK,ROA,94.3,LEVERAGE_RATIO,83.0,TEXAS_RATIO,99.7,0.0917982532245936,0.7573201590553079,0.1740355139105789,0.2598427215453537,7.519231881543177e-05,0.8392286049388255,1.9853191355302124,0.031441957313899,0.0238475331135404,0.0,83.00613496932515,99.66257668711657,45.691505673106406,61.89015035286898,94.29447852760737,60.78551702976374,63.09815950920245,67.51533742331289,83.409996933456,24.195032198712052
8595,I3 Bank,Bennington,Nebraska,Community,218075,75.83147300683312,71.62696065147341,DEEPLY STRESSED,ROA,80.0,LEVERAGE_RATIO,81.0,CRE_RATIO,80.6,0.0927662501432993,0.1370075483403991,0.1365218388169208,0.2715183738383938,0.0057365585234437,0.998032307308324,2.812259689751182,0.04235698727502,0.0230379456608964,0.1218067178722916,80.98159509202453,89.14110429447852,35.81723397730757,65.41884013501074,80.0,89.1377723227984,80.5521472392638,15.39877300613497,84.42195645507513,95.4001839926403
3890,Simmons Bank,Pine Bluff,Arkansas,Large Regional,24498708,75.82808525939078,65.68270113724661,LEGACY RISK,ROA,100.0,CRE_RATIO,99.1,LEVERAGE_RATIO,83.8,0.0864308027998864,0.061851657565123,0.1341600544812404,0.4651387321179623,-0.0147393078851341,0.8447955523508482,4.130087701994848,0.030392459879925,0.0290624713760415,0.0116984536490659,83.76068376068376,65.8119658119658,30.57851239669421,72.72727272727273,100.0,47.107438016528924,99.14529914529915,45.2991452991453,75.20661157024794,37.1900826446281
8714,Unity Bank,Augusta,Wisconsin,Community,611752,75.78907311813336,63.118266727008915,LEGACY RISK,ROA,97.9,LEVERAGE_RATIO,94.0,CRE_RATIO,88.7,0.0836172174345159,0.5327173211155869,0.1073343446363886,0.1275340820795366,-0.0107984935071728,0.8759810099523018,3.3539443379806255,0.0371817337744707,0.1034422445696949,0.0291882985262001,94.04907975460122,99.41717791411044,28.672186445875496,16.999079472230747,97.88343558282209,68.08837066584842,88.65030674846625,36.50306748466258,30.97209444955535,69.94786875191659
26922,The Cooperative Bank,Roslindale,Massachusetts,Community,543451,75.77796200405206,75.35552201355225,DEEPLY STRESSED,ROA,92.9,LEVERAGE_RATIO,83.6,CRE_RATIO,64.7,0.091574033353513,0.0473840654323626,0.0868965187293794,0.3509185964927715,0.0011574180560896,1.0038248277287911,2.0520027585692717,0.0254208751110955,0.0315318216361732,0.0682674242940026,83.55828220858895,64.4478527607362,22.539098436062556,83.82939552009819,92.94478527607362,89.93556305615219,64.69325153374234,90.39877300613497,75.59030972094449,85.61790861698866
28708,GSL Savings Bank,Guttenberg,New Jersey,Community,149102,75.60688201718465,73.11680262321885,DEEPLY STRESSED,ROA,95.4,LEVERAGE_RATIO,98.8,CRE_RATIO,65.2,0.0751700178401362,0.0447577670300844,0.0879532132365763,0.2929388586841638,-0.0012072272672398,1.0012852274937218,2.087791949643863,0.0238293248916848,0.0938417995734463,0.126115008517659,98.77300613496932,62.79141104294479,22.907083716651332,72.07732433261737,95.3680981595092,89.5980362074256,65.24539877300613,93.40490797546013,35.295921496473476,95.70683839313094
16288,Southern Bank,Sardis,Georgia,Community,370876,75.593666686462,68.88586210900542,LEGACY RISK,ROA,90.6,CRE_RATIO,97.8,LEVERAGE_RATIO,87.0,0.089550146140489,0.0307637697450156,0.2148696599402495,0.1904052941529008,0.0023080490514349,0.7453072116430989,4.507798386125497,0.0290043033251005,0.0468566313269125,0.0539263797064247,86.99386503067484,54.079754601226995,56.63906777062251,38.447376495857625,90.61349693251533,41.8533292420988,97.79141104294479,77.88343558282207,63.75344986200552,80.8034345292855
33103,"Gateway Bank, F.S.B.",Oakland,California,Community,260466,75.58879079269582,72.93945961062373,DEEPLY STRESSED,ROA,98.7,TEXAS_RATIO,97.7,LEVERAGE_RATIO,76.2,0.0950104812144387,0.3023838882038635,0.1068853516389855,0.1474215633157661,-0.0149155743935868,1.059685760725016,1.4571867297046106,0.0188162754447797,0.0413873595786014,0.1266959987100043,76.22699386503068,97.69938650306749,28.48819380558111,23.504142374961646,98.68098159509202,94.47683338447376,49.29447852760736,97.91411042944786,67.37197178779516,95.73750383318
27943,Brentwood Bank,Bethel Park,Pennsylvania,Mid-Size,1023361,75.52309584296322,74.25074148931147,DEEPLY STRESSED,ROA,96.7,CRE_RATIO,70.2,TEXAS_RATIO,78.6,0.0991194700599299,0.0810402177199879,0.1800361749177465,0.2115192037981097,0.0006078011571674,1.0343565287030836,3.116044757726623,0.0215867128022271,0.0311317316176793,0.1693361384692205,59.68289920724802,78.59569648924122,62.344983089064264,20.293122886133034,96.71574178935447,89.85343855693348,70.21517553793885,95.80973952434881,71.92784667418263,97.06877113866967
3639,First National Bank & Trust Company,Clinton,Illinois,Community,400420,75.51559235079054,68.1490154133857,LEGACY RISK,ROA,96.0,LEVERAGE_RATIO,99.4,TEXAS_RATIO,91.2,0.0684381399530493,0.1544238239102287,0.5468033564757006,0.2399851392388705,-0.0019454572698666,0.3854644526286317,0.986927647675638,0.0199016033165176,0.0262973877428699,0.0,99.41717791411044,91.1963190184049,97.02545231524073,54.740718011660014,95.95092024539878,5.247008284749923,35.67484662576687,97.17791411042946,80.86476540938362,24.195032198712052
26451,Fidelity Co-operative Bank,Leominster,Massachusetts,Mid-Size,1382110,75.40713562118897,65.64083445157881,LEGACY RISK,ROA,98.4,LEVERAGE_RATIO,80.9,TEXAS_RATIO,99.1,0.0912119874684359,0.3573211169891068,0.1402109817597731,0.3077316903928001,-0.0031820911504872,0.9052369595782226,3.0802681156546226,0.0407225184681393,0.0205041566879626,0.0304809313296336,80.86070215175538,99.09399773499433,46.786922209695604,49.04171364148816,98.4144960362401,59.41375422773394,68.85617214043035,11.325028312570781,83.0890642615558,59.52649379932357
34401,Fortis Bank,Denver,Colorado,Mid-Size,1364455,75.28981020627535,73.21785294316675,DEEPLY STRESSED,ROA,84.6,LEVERAGE_RATIO,91.7,CRE_RATIO,93.0,0.0859031628012649,0.0255664883844363,0.1391339399247318,0.4294065579102205,0.0058272350498917,0.9976947156785204,4.223032205918925,0.0314396590580121,0.0336471338373196,0.1167557742835051,91.73272933182332,34.994337485843715,46.33596392333709,80.49605411499437,84.59796149490374,82.41262683201805,92.97848244620612,56.28539071347678,68.9966178128523,93.34836527621195
57336,Drake Bank,Saint Paul,Minnesota,Community,255833,75.2585788124878,66.11159410904739,LEGACY RISK,ROA,89.7,LEVERAGE_RATIO,91.0,TEXAS_RATIO,99.0,0.0864587445716541,0.4368067154910274,0.1290177576778601,0.1596876493432377,0.0027713391157512,0.9287328269775944,2.706496566854914,0.0389590084156461,0.0674267979502253,0.0672782635547407,90.95092024539878,99.01840490797545,34.130634774609014,27.67720159558147,89.66257668711657,79.07333537895059,78.52760736196319,27.423312883435585,49.27936215884698,85.37258509659613
34607,First Internet Bank of Indiana,Fishers,Indiana,Mid-Size,5549405,75.23591998215403,68.52664828956324,LEGACY RISK,ROA,98.6,LEVERAGE_RATIO,98.2,TEXAS_RATIO,89.6,0.0758573216407885,0.1345920695656766,0.1859628194373991,0.3363574431933941,-0.0051910069638096,0.7942070580004907,2.6610191866691935,0.0216516905866484,0.0823650463428061,0.0449597749668658,98.18799546998868,89.58097395243489,64.26155580608793,57.271702367531006,98.6409966024915,29.4250281848929,50.962627406568515,95.46998867497169,30.101465614430666,71.36414881623449
5116,Granite Bank,Cold Spring,Minnesota,Community,350736,75.20428888660804,70.09971140703497,DEEPLY STRESSED,LEVERAGE_RATIO,97.5,CRE_RATIO,97.8,ROA,62.8,0.0791849140093973,0.0939173745437178,0.0523157018384197,0.2094170142327899,0.008741617626933,1.0643645623065825,4.509768256534627,0.0380542630354454,0.0191112403631221,0.0727042561926919,97.51533742331289,81.71779141104294,13.646120821833794,45.259281988339986,62.76073619631902,94.78367597422522,97.82208588957056,31.687116564417177,89.32842686292548,86.47654093836246
57872,Pacific West Bank,West Linn,Oregon,Community,386098,75.1635417338155,67.19051931632966,LEGACY RISK,ROA,91.8,CRE_RATIO,96.9,LEVERAGE_RATIO,77.1,0.094470833829753,0.2054384561801811,0.1170609534366922,0.2755302647453181,0.0016835104040942,0.8078982499291617,4.276298834818369,0.0283011049008282,0.1386072965930929,0.0130588607037591,77.14723926380368,94.66257668711656,31.156087089849738,66.64621049401657,91.84049079754601,54.24976986805768,96.93251533742331,80.4601226993865,19.963201471941122,58.84697945415517
26260,The First National Bank in Marlow,Marlow,Oklahoma,Community,70196,75.16266404559141,59.92090982953305,LEGACY RISK,ROA,94.8,LEVERAGE_RATIO,98.0,CRE_RATIO,95.3,0.0779531597242008,0.0999480339511519,0.1890563564875491,0.1158831797594877,-0.0006125705168385,0.806793690457598,4.009501965923985,0.0424668072254829,0.0353581400649609,0.0,98.03680981595092,83.00613496932515,49.83134007973015,13.439705431113838,94.75460122699386,53.912243019331086,95.33742331288344,15.030674846625766,71.66513339466421,24.195032198712052
29632,Windsor Federal Bank,Windsor,Connecticut,Community,874750,75.11633885622089,75.0532432477461,DEEPLY STRESSED,ROA,82.1,CRE_RATIO,82.5,LEVERAGE_RATIO,66.6,0.1002149185481566,0.0574106550383922,0.1428911117462132,0.2900757530772037,0.0052449271220348,0.97705351916731,2.9219967375061313,0.030766504715633,0.0138976850528722,0.0833952557873678,66.62576687116565,69.23312883435582,37.62649494020239,71.12611230438785,82.14723926380368,86.43755753298558,82.45398773006136,70.67484662576688,94.8788715118062,89.32842686292548
23123,Bank of Bartlett,Bartlett,Tennessee,Community,563319,75.00587183691758,71.22870779295084,DEEPLY STRESSED,ROA,79.5,LEVERAGE_RATIO,94.3,TEXAS_RATIO,89.5,0.0833115872178996,0.1395736970101568,0.2421381135733039,0.1943572984749455,0.0058332845155231,0.8482483660130719,1.4807871425457284,0.0344955522536963,0.0114020652596486,0.0710077238651634,94.32515337423312,89.47852760736197,63.35479914136768,39.85885240871433,79.5398773006135,62.779993863148206,49.969325153374236,49.57055214723927,97.2094449555351,86.20055197792088
15146,Great North Bank,Florence,Wisconsin,Community,218199,74.99683584983099,67.07328428614358,LEGACY RISK,ROA,95.6,LEVERAGE_RATIO,97.0,TEXAS_RATIO,84.0,0.0799957836653696,0.1060058892160675,0.1944463540162878,0.1583625866720821,-0.001457385230913,0.7745104296614349,1.9305525342614749,0.0306325876837199,0.0576675420143997,0.0484786823037685,96.96319018404907,84.04907975460122,51.27261576203619,27.247621969929426,95.61349693251535,47.68333844737649,61.871165644171775,71.44171779141104,55.74977000919963,78.84084636614536
6725,The First National Bank of Waverly,Waverly,Ohio,Community,196173,74.92789260898648,68.48186951179828,LEGACY RISK,ROA,89.7,LEVERAGE_RATIO,80.5,TEXAS_RATIO,92.1,0.0930097414017219,0.1639903442485306,0.3775188226718254,0.290466580701866,0.0027424773031966,0.542601726620369,2.0411928096011738,0.0236831776034418,0.0413257685818129,0.0,80.52147239263803,92.11656441717791,85.98589389757743,71.18748082233815,89.69325153374234,15.403498005523167,64.41717791411043,93.83435582822086,67.46396810794235,24.195032198712052
22205,Barwick Banking Company,Barwick,Georgia,Community,728215,74.87651268891685,73.01259031268293,DEEPLY STRESSED,LEVERAGE_RATIO,94.4,ROA,76.4,CRE_RATIO,99.8,0.0832336603887588,0.0200762426222752,0.0568266240052731,0.3638373008815833,0.0064761093907705,1.0463081053157526,5.748261142123646,0.031674711451975,0.04942359056048,0.0995324183105264,94.3558282208589,45.49079754601227,14.596749463354799,85.63976679963179,76.38036809815951,93.61767413316969,99.8159509202454,66.0122699386503,61.760196258816315,92.45630174793008
4649,Conway Bank,Conway Springs,Kansas,Community,130584,74.73657305590112,63.82149838290268,LEGACY RISK,ROA,88.3,LEVERAGE_RATIO,97.7,TEXAS_RATIO,98.3,0.0785241683514059,0.3656716417910448,0.1604254732585921,0.1043338824436577,0.0033158733076027,0.8400248852125758,2.400755977496484,0.0409774551246707,0.0386877412240397,0.0498070207682411,97.73006134969326,98.31288343558282,42.16498006746397,10.494016569499847,88.28220858895706,61.000306842589744,72.23926380368098,19.509202453987733,69.27322907083716,79.20883164673414
12107,Farmers State Bank,Elmwood,Illinois,Community,68390,74.73512222928194,67.39356446714102,LEGACY RISK,ROA,91.0,LEVERAGE_RATIO,95.0,TEXAS_RATIO,99.9,0.0825705512501827,1.0477759472817134,0.3794853048691329,0.147177319074857,0.0021055709899108,0.5941805521014673,1.4637563121029484,0.0280742798654774,0.0748939903494663,0.0584880830530779,94.96932515337423,99.9079754601227,86.16988653787182,23.25866830316048,90.95092024539878,20.497084995397362,49.5398773006135,81.25766871165644,44.710211591536336,82.67402637227845
15270,Merit Bank,Huntsville,Alabama,Community,509675,74.69071118460197,76.3780232657425,DEEPLY STRESSED,ROA,78.8,CRE_RATIO,91.9,LEVERAGE_RATIO,67.4,0.0999617403247167,0.0189256531457256,0.2625280816206406,0.574034085407185,0.0060155981753077,0.855311319841193,3.618917091533724,0.0282238681512728,0.0239485946926963,0.0779908765389709,67.39263803680981,44.29447852760736,67.770622508433,97.91347038969009,78.8036809815951,64.16078551702977,91.90184049079755,80.79754601226993,83.25666973321067,87.4885004599816
28480,Columbia Savings and Loan Association,Milwaukee,Wisconsin,Community,21998,74.65192446958963,59.82684996969146,LEGACY RISK,ROA,98.5,LEVERAGE_RATIO,97.9,CRE_RATIO,86.4,0.0782343849440858,1.6813346228239845,0.0004545867806164,0.0320178219416474,-0.0142740249113555,0.9389799167907956,3.161909704203425,0.0460496408764433,0.055732339303573,0.0227293390308209,97.94478527607362,99.93865030674847,3.0665440049064703,0.490948143602332,98.49693251533742,80.85302239950906,86.44171779141104,8.067484662576687,57.34437289175099,65.62404170499848
57598,Mainstreet Community Bank of Florida,Deland,Florida,Community,911121,74.62884570900832,68.62799023347614,LEGACY RISK,CRE_RATIO,98.3,ROA,69.1,LEVERAGE_RATIO,78.6,0.093909590493469,0.1400307734705126,0.1628587201919394,0.3068768262367529,0.0077366233464051,0.8152926582253945,4.7359022007176,0.0326850111017087,0.0172732271564369,0.0,78.55828220858896,89.60122699386504,43.054277828886846,75.51396133783369,69.11042944785277,55.75329855783983,98.28220858895705,60.674846625766875,91.53633854645814,24.195032198712052
5131,Western National Bank,Duluth,Minnesota,Community,135346,74.6138140387942,66.34831805793313,LEGACY RISK,ROA,81.5,LEVERAGE_RATIO,92.1,CRE_RATIO,89.7,0.0855806599382323,0.3019072207878737,0.1404622227476246,0.223845522240154,0.0054231377358769,0.8012118123389677,3.44122396253835,0.0340312975632822,0.1310197567715336,0.081273181327856,92.05521472392638,97.66871165644172,37.0131861392211,49.73918379871126,81.47239263803681,52.80760969622583,89.69325153374234,52.668711656441715,21.864458754983136,88.50045998160073
